{
  "parity" : {
    "itemindex" : 0
  },
  "baudrate" : {
    "value" : 9600
  },
  "numdevices" : {
    "value" : 2
  },
  "queryinterval" : {
    "value" : 2.3148146283347160E-005
  },
  "id" : {
    "1" : {
      "value" : 3
    },
    "2" : {
      "value" : 4
    },
    "3" : {
      "value" : 1
    },
    "4" : {
      "value" : 1
    },
    "5" : {
      "value" : 1
    },
    "6" : {
      "value" : 1
    },
    "7" : {
      "value" : 1
    },
    "8" : {
      "value" : 1
    }
  },
  "expected" : {
    "1" : {
      "value" : 0.0000000000000000E+000
    },
    "2" : {
      "value" : 2.0000000000000000E+001
    },
    "3" : {
      "value" : 0.0000000000000000E+000
    },
    "4" : {
      "value" : 0.0000000000000000E+000
    },
    "5" : {
      "value" : 0.0000000000000000E+000
    },
    "6" : {
      "value" : 0.0000000000000000E+000
    },
    "7" : {
      "value" : 0.0000000000000000E+000
    },
    "8" : {
      "value" : 0.0000000000000000E+000
    }
  },
  "margin" : {
    "1" : {
      "value" : 5
    },
    "2" : {
      "value" : 5
    },
    "3" : {
      "value" : 5
    },
    "4" : {
      "value" : 5
    },
    "5" : {
      "value" : 5
    },
    "6" : {
      "value" : 5
    },
    "7" : {
      "value" : 5
    },
    "8" : {
      "value" : 5
    }
  }
}